Conc,OD
500,2789.33333333333
250,1836.33333333333
125,892
62.5,538.333333333333
31.25,262.5
15.625,138.833333333333
7.8125,62.8333333333333
0,0
